{"name":"94eea8f5-495d-43f6-89a9-547fc9ca71dd","id":"/providers/Microsoft.Flow/flows/94eea8f5-495d-43f6-89a9-547fc9ca71dd","type":"Microsoft.Flow/flows","properties":{"apiId":"/providers/Microsoft.PowerApps/apis/shared_logicflows","displayName":"Envia correu quan es penja nou arxiu de SIGOV","definition":{"metadata":{"workflowEntityId":null,"processAdvisorMetadata":null,"flowChargedByPaygo":null,"flowclientsuspensionreason":"None","flowclientsuspensiontime":null,"flowclientsuspensionreasondetails":null,"creator":{"id":"bf54fada-9c4e-43ef-8a2d-3cddc95f87bd","type":"User","tenantId":"3b9427dc-d30e-43bc-8c06-ff7253676fec"},"provisioningMethod":"FromDefinition","failureAlertSubscription":true,"clientLastModifiedTime":"2024-05-10T17:33:31.3135369Z","connectionKeySavedTimeKey":"2024-05-10T17:33:31.3135369Z"},"$schema":"https://schema.management.azure.com/providers/Microsoft.Logic/schemas/2016-06-01/workflowdefinition.json#","contentVersion":"1.0.0.0","parameters":{"$connections":{"defaultValue":{},"type":"Object"},"$authentication":{"defaultValue":{},"type":"SecureObject"}},"triggers":{"Quan_es_crea_o_modifica_un_fitxer_(només_propietats)":{"recurrence":{"frequency":"Minute","interval":5},"splitOn":"@triggerOutputs()?['body/value']","metadata":{"operationMetadataId":"6966c28a-b3fd-424d-be87-63bcbb3073e1"},"type":"OpenApiConnection","inputs":{"parameters":{"dataset":"https://gencat.sharepoint.com/sites/SDGEntitats","table":"bc5356c4-923c-4e3b-9f3e-c11d25614851"},"host":{"apiId":"/providers/Microsoft.PowerApps/apis/shared_sharepointonline","connectionName":"shared_sharepointonline","operationId":"GetOnUpdatedFileItems"},"authentication":"@parameters('$authentication')"},"conditions":[{"expression":"@equals(triggerOutputs()?['body/{IsFolder}'], false)"}]}},"actions":{"List_rows_present_in_a_table":{"runAfter":{"Redacta":["Succeeded"]},"metadata":{"01FOCZ6PJDCV44GVDFVVBYYAFG7HTVYVX2":"/General/Llibre.xlsx","tableId":"{C23126F2-D4FF-41EB-9B83-966DCBD94A81}","operationMetadataId":"91b2f18a-8b8f-4472-a687-c9eeb2bc218f"},"type":"OpenApiConnection","inputs":{"parameters":{"source":"groups/a735fd65-845b-40db-abf4-1634341045d5","drive":"b!U4QHnYBlAkyjp8uv0NsrvCvtgnG1ePBJv-cvQL61xInEVlO8PJI7Tp8-wR0lYUhR","file":"01FOCZ6PJDCV44GVDFVVBYYAFG7HTVYVX2","table":"{C23126F2-D4FF-41EB-9B83-966DCBD94A81}"},"host":{"apiId":"/providers/Microsoft.PowerApps/apis/shared_excelonlinebusiness","connectionName":"shared_excelonlinebusiness","operationId":"GetItems"},"authentication":"@parameters('$authentication')"}},"For_each":{"foreach":"@outputs('List_rows_present_in_a_table')?['body/value']","actions":{"Envia_un_correu_(V2)":{"runAfter":{},"metadata":{"operationMetadataId":"b50fca15-b2b3-42f6-b98f-dc2f96566701"},"type":"OpenApiConnection","inputs":{"host":{"apiId":"/providers/Microsoft.PowerApps/apis/shared_office365","connectionName":"shared_office365","operationId":"SendEmailV2"},"parameters":{"emailMessage/To":"@items('For_each')?['correu']","emailMessage/Subject":"Nou arxiu de SIGOV: @{triggerBody()?['{Name}']}","emailMessage/Body":"<p>Benvolgut/da @{items('For_each')?['Usuari']}</p><p>Us fem avinent que s’ha incorporat una nova iniciativa a SIGOV:</p>@{outputs('Redacta')}<table></table>","emailMessage/From":"Cataleg-Registre-Ens@gencat.cat","emailMessage/Importance":"Normal"},"authentication":"@parameters('$authentication')"}}},"runAfter":{"List_rows_present_in_a_table":["Succeeded"]},"metadata":{"operationMetadataId":"ec95f03f-7877-49ed-b736-ab4549e3015b"},"type":"Foreach"},"Redacta":{"runAfter":{},"metadata":{"operationMetadataId":"c1b970d3-edb3-44f4-9e38-a3615cee6ac5"},"type":"Compose","inputs":"<table style=\"width: 496.55pt; border-collapse: collapse; border-spacing: 0px; box-sizing: border-box;\" id=\"table_0\">\n\n<tbody>\n\n<tr><td colspan=\"3\" style=\"border-width: 1.5pt; border-style: solid; border-color: windowtext; padding: 0cm 5.4pt; width: 496.55pt; height: 11.45pt;\" class=\"elementToProof\"><p align=\"center\" style=\"margin: 0cm; font-family: Calibri, sans-serif; font-size: 11pt;\"><span style=\"font-family: Arial, sans-serif; font-size: 9pt; color: red;\"><b>Nou expedient</b></span></p></td></tr><tr><td colspan=\"3\" style=\"border-right: 1.5pt solid windowtext; border-bottom: 1pt solid rgb(166, 166, 166); border-left: 1.5pt solid windowtext; padding: 0cm 5.4pt; width: 496.55pt; height: 14.75pt;\"><p style=\"margin: 0cm; font-family: Calibri, sans-serif; font-size: 11pt;\"><span style=\"font-family: Arial, sans-serif; font-size: 9pt;\"><b>Títol iniciativa</b></span><span style=\"font-family: Arial, sans-serif; font-size: 9pt; color: black;\"><b>: </b></span><span style=\"font-family: Arial, sans-serif; font-size: 9pt; color: black; background-color: white;\">@{triggerBody()?['T_x00ed_toliniciativa']}</span></p></td></tr>\n\n<tr><td style=\"border-right: 1pt solid gray; border-bottom: 1pt solid gray; border-left: 1.5pt solid windowtext; padding: 0cm 5.4pt; width: 140.5pt; height: 17.4pt;\"><p style=\"margin: 0cm; font-family: Calibri, sans-serif; font-size: 11pt;\"><span style=\"font-family: Arial, sans-serif; font-size: 9pt;\"><b>Núm. DGPat: </b></span><span style=\"font-family: Arial, sans-serif; font-size: 9pt; color: black;\">@{triggerBody()?['N_x00fa_m_x002e_DGPat']}</span></p></td>\n\n<td style=\"border-right: 1pt solid gray; border-bottom: 1pt solid gray; padding: 0cm 5.4pt; width: 197.75pt; height: 17.4pt;\"><p align=\"center\" style=\"margin: 0cm; font-family: Calibri, sans-serif; font-size: 11pt;\"><span style=\"font-family: Arial, sans-serif; font-size: 9pt;\"><b>Núm. SIGOV: </b></span><span style=\"font-family: Arial, sans-serif; font-size: 9pt; color: black;\">@{triggerBody()?['N_x00fa_m_x002e_SIGOV']}</span></p></td>\n\n<td style=\"border-right: 1.5pt solid windowtext; border-bottom: 1pt solid gray; padding: 0cm 5.4pt; width: 158.3pt; height: 17.4pt;\"><p align=\"center\" style=\"margin: 0cm; font-family: Calibri, sans-serif; font-size: 11pt;\"><span style=\"font-family: Arial, sans-serif; font-size: 9pt;\"><b>Departament: </b></span>@{triggerBody()?['Departament']}</p></td></tr>\n\n<tr><td colspan=\"3\" style=\"border-right: 1.5pt solid windowtext; border-bottom: 1pt solid rgb(166, 166, 166); border-left: 1.5pt solid windowtext; padding: 0cm 5.4pt; width: 496.55pt; height: 38.7pt;\"><p style=\"margin: 0cm; font-family: Calibri, sans-serif; font-size: 11pt;\"><span style=\"font-family: Arial, sans-serif; font-size: 9pt; color: black;\"><b>Doc. expedient DGPat: </b></span><span style=\"font-family: Arial, sans-serif; font-size: 9pt; color: rgb(5, 99, 193);\"><b><u><a href=\"@{triggerBody()?['{Link}']}\" data-auth=\"NotApplicable\" style=\"color: rgb(5, 99, 193); margin-top: 0px; margin-bottom: 0px;\" id=\"OWA9ec849d8-29b6-3ff5-f701-378634893151\" class=\"OWAAutoLink\" data-loopstyle=\"linkonly\">@{triggerBody()?['{Link}']}</a></u></b></span></p></td></tr>\n\n<tr><td colspan=\"3\" style=\"border-right: 1.5pt solid windowtext; border-bottom: 1.5pt solid windowtext; border-left: 1.5pt solid windowtext; padding: 0cm 5.4pt; width: 496.55pt; height: 28.3pt;\"><p style=\"margin: 0cm; font-family: Calibri, sans-serif; font-size: 11pt;\"><span style=\"font-family: Arial, sans-serif; font-size: 9pt; color: black;\"><b>Observacions:</b>&nbsp;@{triggerBody()?['Observacions']}</span></p></td></tr></tbody></table>"}},"outputs":{}},"connectionReferences":{"shared_excelonlinebusiness":{"connectionName":"shared-excelonlinebu-0f08cc9d-b15f-40f5-b0ac-1fe6d6e28efa","source":"Embedded","id":"/providers/Microsoft.PowerApps/apis/shared_excelonlinebusiness","tier":"NotSpecified"},"shared_office365":{"connectionName":"shared-office365-85e1fd88-42f6-41ab-9bf4-cc0a9a5a972d","source":"Embedded","id":"/providers/Microsoft.PowerApps/apis/shared_office365","tier":"NotSpecified"},"shared_sharepointonline":{"connectionName":"2bc03a49b0874692b99a41c6b78b5388","source":"Embedded","id":"/providers/Microsoft.PowerApps/apis/shared_sharepointonline","tier":"NotSpecified"}},"flowFailureAlertSubscribed":false,"isManaged":false}}