{"name":"23407b06-b77f-4c1e-830f-f4f718098ab2","id":"/providers/Microsoft.Flow/flows/23407b06-b77f-4c1e-830f-f4f718098ab2","type":"Microsoft.Flow/flows","properties":{"apiId":"/providers/Microsoft.PowerApps/apis/shared_logicflows","displayName":"Envia correu quan es crea una carpeta de SIGOV","definition":{"metadata":{"workflowEntityId":null,"processAdvisorMetadata":null,"flowChargedByPaygo":null,"flowclientsuspensionreason":"None","flowclientsuspensiontime":null,"flowclientsuspensionreasondetails":null,"creator":{"id":"bf54fada-9c4e-43ef-8a2d-3cddc95f87bd","type":"User","tenantId":"3b9427dc-d30e-43bc-8c06-ff7253676fec"},"provisioningMethod":"FromDefinition","failureAlertSubscription":true,"clientLastModifiedTime":"2024-05-09T13:29:03.1616692Z","connectionKeySavedTimeKey":"2024-05-09T13:29:03.1616692Z"},"$schema":"https://schema.management.azure.com/providers/Microsoft.Logic/schemas/2016-06-01/workflowdefinition.json#","contentVersion":"1.0.0.0","parameters":{"$connections":{"defaultValue":{},"type":"Object"},"$authentication":{"defaultValue":{},"type":"SecureObject"}},"triggers":{"Quan_es_crea_o_modifica_un_fitxer_(només_propietats)":{"recurrence":{"frequency":"Minute","interval":5},"splitOn":"@triggerOutputs()?['body/value']","metadata":{"operationMetadataId":"6966c28a-b3fd-424d-be87-63bcbb3073e1"},"type":"OpenApiConnection","inputs":{"host":{"apiId":"/providers/Microsoft.PowerApps/apis/shared_sharepointonline","connectionName":"shared_sharepointonline","operationId":"GetOnUpdatedFileItems"},"parameters":{"dataset":"https://gencat.sharepoint.com/sites/SDGEntitats","table":"bc5356c4-923c-4e3b-9f3e-c11d25614851"},"authentication":"@parameters('$authentication')"},"conditions":[{"expression":"@equals(triggerOutputs()?['body/{IsFolder}'], true)"}]}},"actions":{"Send_an_email":{"runAfter":{},"metadata":{"operationMetadataId":"91ade551-6398-4b5f-a6f0-47762ae1a3e6"},"type":"OpenApiConnection","inputs":{"host":{"apiId":"/providers/Microsoft.PowerApps/apis/shared_office365","connectionName":"shared_office365","operationId":"SendEmailV2"},"parameters":{"emailMessage/To":"rogerrocavert@gencat.cat","emailMessage/Subject":"Tots els arxius canviats","emailMessage/Body":"<p>@{triggerBody()?['ID']}</p><p>@{triggerBody()?['{Path}']}</p><p>@{triggerBody()?['ComplianceAssetId']}</p><p>@{triggerBody()?['{Link}']}</p>","emailMessage/From":"cataleg-registre-ens@gencat.cat","emailMessage/Bcc":"rogerrocavert@gencat.cat","emailMessage/Importance":"Normal"},"authentication":"@parameters('$authentication')"}}},"outputs":{}},"connectionReferences":{"shared_office365":{"connectionName":"shared-office365-85e1fd88-42f6-41ab-9bf4-cc0a9a5a972d","source":"Embedded","id":"/providers/Microsoft.PowerApps/apis/shared_office365","tier":"NotSpecified"},"shared_sharepointonline":{"connectionName":"2bc03a49b0874692b99a41c6b78b5388","source":"Embedded","id":"/providers/Microsoft.PowerApps/apis/shared_sharepointonline","tier":"NotSpecified"}},"flowFailureAlertSubscribed":false,"isManaged":false}}