{"name":"5626e0c1-c098-4ead-9c13-0e7fdce6128e","id":"/providers/Microsoft.Flow/flows/5626e0c1-c098-4ead-9c13-0e7fdce6128e","type":"Microsoft.Flow/flows","properties":{"apiId":"/providers/Microsoft.PowerApps/apis/shared_logicflows","displayName":"Botó -> Enviar correu SIGOV","definition":{"metadata":{"workflowEntityId":null,"processAdvisorMetadata":null,"flowChargedByPaygo":null,"flowclientsuspensionreason":"None","flowclientsuspensiontime":null,"flowclientsuspensionreasondetails":null,"creator":{"id":"bf54fada-9c4e-43ef-8a2d-3cddc95f87bd","type":"User","tenantId":"3b9427dc-d30e-43bc-8c06-ff7253676fec"},"provisioningMethod":"FromDefinition","failureAlertSubscription":true,"clientLastModifiedTime":"2024-05-22T13:06:22.5988551Z","connectionKeySavedTimeKey":"2024-05-22T13:06:22.5988551Z"},"$schema":"https://schema.management.azure.com/providers/Microsoft.Logic/schemas/2016-06-01/workflowdefinition.json#","contentVersion":"undefined","parameters":{"$authentication":{"defaultValue":{},"type":"SecureObject"},"$connections":{"defaultValue":{},"type":"Object"}},"triggers":{"manual":{"metadata":{"operationMetadataId":"e8787b6b-7be3-478f-b9d6-b71f68290272"},"type":"Request","kind":"Button","inputs":{"schema":{"type":"object","properties":{},"required":[]}}}},"actions":{"Inicialitza_la_variable":{"runAfter":{"Redacta_2":["Succeeded"]},"metadata":{"operationMetadataId":"c0016704-a96e-4a88-903e-c3867db7cfcf"},"type":"InitializeVariable","inputs":{"variables":[{"name":"ultimaExecucio","type":"string","value":"@{outputs('Redacta_2')}"}]}},"Redacta_2":{"runAfter":{"Get_a_row_1":["Succeeded"]},"metadata":{"operationMetadataId":"a0628e70-06d1-4988-99d3-f48caf7f4b68"},"type":"Compose","inputs":"@body('Get_a_row_1')?['Data']"},"Get_a_row_1":{"runAfter":{},"metadata":{"01FOCZ6PJDCV44GVDFVVBYYAFG7HTVYVX2":"/General/SIGOV_correus.xlsx","tableId":"{9C94CAD3-8B3A-4B6B-AB39-1251DFA605AE}","operationMetadataId":"f210b2eb-092c-4e4f-993b-54ac93641bbc","01FOCZ6PPVQ2SBVW3XIBHLQOTM5E4GUBR3":"/SIGOV_correus.xlsx","01FOCZ6PN5DOHTWA2OCZE3BMMRYZS5WOCO":"/SIGOV_correus.xlsx"},"type":"OpenApiConnection","inputs":{"parameters":{"source":"groups/a735fd65-845b-40db-abf4-1634341045d5","drive":"b!U4QHnYBlAkyjp8uv0NsrvCvtgnG1ePBJv-cvQL61xIlxyAxeX1vnS5m0_BVflpyh","file":"01FOCZ6PN5DOHTWA2OCZE3BMMRYZS5WOCO","table":"{9C94CAD3-8B3A-4B6B-AB39-1251DFA605AE}","idColumn":"ID","id":"1"},"host":{"apiId":"/providers/Microsoft.PowerApps/apis/shared_excelonlinebusiness","connectionName":"shared_excelonlinebusiness","operationId":"GetItem"},"authentication":{"value":"@json(decodeBase64(triggerOutputs().headers['X-MS-APIM-Tokens']))['$ConnectionKey']","type":"Raw"}}},"Obté_els_fitxers_(només_propietats)_1":{"runAfter":{"Inicialitza_la_variable_4":["Succeeded"]},"metadata":{"operationMetadataId":"1512fa53-df7d-47e8-82a7-2e670625e1ec"},"type":"OpenApiConnection","inputs":{"parameters":{"dataset":"https://gencat.sharepoint.com/sites/SDGEntitats","table":"5e0cc871-5b5f-4be7-99b4-fc155f969ca1","$filter":"FSObjType eq 1","folderPath":"/SIGOV/APP-EXPEDIENTS EN PROCÉS"},"host":{"apiId":"/providers/Microsoft.PowerApps/apis/shared_sharepointonline","connectionName":"shared_sharepointonline","operationId":"GetFileItems"},"authentication":{"value":"@json(decodeBase64(triggerOutputs().headers['X-MS-APIM-Tokens']))['$ConnectionKey']","type":"Raw"}}},"For_each":{"foreach":"@outputs('Obté_els_fitxers_(només_propietats)_1')?['body/value']","actions":{"Obté_els_fitxers_(només_propietats)_2":{"runAfter":{"Defineix_la_variable_1":["Succeeded"]},"metadata":{"operationMetadataId":"58e28338-04a8-4540-b4e1-7045bfb4fb61"},"type":"OpenApiConnection","inputs":{"parameters":{"dataset":"https://gencat.sharepoint.com/sites/SDGEntitats","table":"5e0cc871-5b5f-4be7-99b4-fc155f969ca1","$filter":"Created gt '@{variables('ultimaExecucio')}'","$orderby":"FileLeafRef asc","folderPath":"@items('For_each')?['{FullPath}']"},"host":{"apiId":"/providers/Microsoft.PowerApps/apis/shared_sharepointonline","connectionName":"shared_sharepointonline-1","operationId":"GetFileItems"},"authentication":{"value":"@json(decodeBase64(triggerOutputs().headers['X-MS-APIM-Tokens']))['$ConnectionKey']","type":"Raw"}}},"For_each_1":{"foreach":"@outputs('Obté_els_fitxers_(només_propietats)_2')?['body/value']","actions":{"Annexa-ho_a_una_variable_de_cadena":{"metadata":{"operationMetadataId":"b3c37856-aef2-4b2f-977e-c325998c352f"},"type":"AppendToStringVariable","inputs":{"name":"arxius","value":"<span style=\"font-family: Arial, sans-serif; font-size: 9pt; color: black;\"><b>&nbsp;&nbsp;&nbsp;·&nbsp;</b></span><span style=\"font-family: Arial, sans-serif; font-size: 9pt; color: rgb(5, 99, 193);\"><b><u><a href=\"@{items('For_each_1')?['{Link}']}\" data-auth=\"NotApplicable\" style=\"color: rgb(5, 99, 193); margin-top: 0px; margin-bottom: 0px;\" id=\"OWA9ec849d8-29b6-3ff5-f701-378634893151\" class=\"OWAAutoLink\" data-loopstyle=\"linkonly\">@{items('For_each_1')?['{FilenameWithExtension}']}</a></u></b><br>"}}},"runAfter":{"Obté_els_fitxers_(només_propietats)_2":["Succeeded"]},"metadata":{"operationMetadataId":"e80f1b95-765d-4937-8c1b-04bc9f7f8047"},"type":"Foreach"},"Defineix_la_variable_1":{"metadata":{"operationMetadataId":"090c0007-38a1-47b5-91af-e839a601df91"},"type":"SetVariable","inputs":{"name":"arxius","value":" "}},"Condició_1":{"actions":{},"runAfter":{"For_each_1":["Succeeded"]},"else":{"actions":{"Annexa-ho_a_una_variable_de_cadena_1":{"runAfter":{"Condició_2":["Succeeded"]},"metadata":{"operationMetadataId":"3c97c15a-c773-4ea5-aa31-cd268489489d"},"type":"AppendToStringVariable","inputs":{"name":"total","value":"<table style=\"width: 496.55pt; border-collapse: collapse; border-spacing: 0px; box-sizing: border-box;\" id=\"table_0\">\n\n<tbody>\n\n<tr><td colspan=\"3\" style=\"border-width: 1.5pt; border-style: solid; border-color: windowtext; padding: 0cm 5.4pt; width: 496.55pt; height: 11.45pt;\" class=\"elementToProof\"><p align=\"center\" style=\"margin: 0cm; font-family: Calibri, sans-serif; font-size: 11pt;\"><span style=\"font-family: Arial, sans-serif; font-size: 9pt; color: red;\"><b>@{variables('titol')}</b></span></p></td></tr><tr><td colspan=\"3\" style=\"border-right: 1.5pt solid windowtext; border-bottom: 1pt solid rgb(166, 166, 166); border-left: 1.5pt solid windowtext; padding: 0cm 5.4pt; width: 496.55pt; height: 14.75pt;\"><p style=\"margin: 0cm; font-family: Calibri, sans-serif; font-size: 11pt;\"><span style=\"font-family: Arial, sans-serif; font-size: 9pt;\"><b>Títol iniciativa</b></span><span style=\"font-family: Arial, sans-serif; font-size: 9pt; color: black;\"><b>: </b></span><span style=\"font-family: Arial, sans-serif; font-size: 9pt; color: black; background-color: white;\">@{items('For_each')?['T_x00ed_tol_x0020_iniciativa']}</span></p></td></tr>\n\n<tr><td style=\"border-right: 1pt solid gray; border-bottom: 1pt solid gray; border-left: 1.5pt solid windowtext; padding: 0cm 5.4pt; width: 140.5pt; height: 17.4pt;\"><p style=\"margin: 0cm; font-family: Calibri, sans-serif; font-size: 11pt;\"><span style=\"font-family: Arial, sans-serif; font-size: 9pt;\"><b>Núm. DGPat: </b></span><span style=\"font-family: Arial, sans-serif; font-size: 9pt; color: black;\">@{items('For_each')?['N_x00fa_m_x002e__x0020_DGPat']}</span></p></td>\n\n<td style=\"border-right: 1pt solid gray; border-bottom: 1pt solid gray; padding: 0cm 5.4pt; width: 197.75pt; height: 17.4pt;\"><p align=\"center\" style=\"margin: 0cm; font-family: Calibri, sans-serif; font-size: 11pt;\"><span style=\"font-family: Arial, sans-serif; font-size: 9pt;\"><b>Núm. SIGOV: </b></span><span style=\"font-family: Arial, sans-serif; font-size: 9pt; color: black;\">@{items('For_each')?['N_x00fa_m_x002e__x0020_SIGOV']}</span></p></td>\n\n<td style=\"border-right: 1.5pt solid windowtext; border-bottom: 1pt solid gray; padding: 0cm 5.4pt; width: 158.3pt; height: 17.4pt;\"><p align=\"center\" style=\"margin: 0cm; font-family: Calibri, sans-serif; font-size: 11pt;\"><span style=\"font-family: Arial, sans-serif; font-size: 9pt;\"><b>Departament: </b>@{items('For_each')?['Departament0']}</span></p></td></tr>\n\n<tr><td colspan=\"3\" style=\"border-right: 1.5pt solid windowtext; border-bottom: 1pt solid rgb(166, 166, 166); border-left: 1.5pt solid windowtext; padding: 0cm 5.4pt; width: 496.55pt; height: 38.7pt;\"><p style=\"margin: 0cm; font-family: Calibri, sans-serif; font-size: 11pt;\"><span style=\"font-family: Arial, sans-serif; font-size: 9pt; color: black;\"><b>Carpeta expedient: </b></span><span style=\"font-family: Arial, sans-serif; font-size: 9pt; color: rgb(5, 99, 193);\"><b><u><a href=\"@{items('For_each')?['{Link}']}\" data-auth=\"NotApplicable\" style=\"color: rgb(5, 99, 193); margin-top: 0px; margin-bottom: 0px;\" id=\"OWA9ec849d8-29b6-3ff5-f701-378634893151\" class=\"OWAAutoLink\" data-loopstyle=\"linkonly\">@{items('For_each')?['{FullPath}']}</a></u></b><br></span></p></td></tr>\n\n<tr><td colspan=\"3\" style=\"border-right: 1.5pt solid windowtext; border-left: 1.5pt solid windowtext; padding: 0cm 5.4pt; width: 496.55pt; height: 38.7pt;\"><p style=\"margin: 0cm; font-family: Calibri, sans-serif; font-size: 11pt;\"><br><b>Nova documentació:</b><br>@{variables('arxius')}<br></span></p></td></tr>\n\n<tr><td colspan=\"3\" style=\" border-top: 1pt solid rgb(166, 166, 166); border-right: 1.5pt solid windowtext; border-bottom: 1.5pt solid windowtext; border-left: 1.5pt solid windowtext; padding: 0cm 5.4pt; width: 496.55pt; height: 28.3pt;\"><p style=\"margin: 0cm; font-family: Calibri, sans-serif; font-size: 11pt;\"><span style=\"font-family: Arial, sans-serif; font-size: 9pt; color: black;\"><b>Observacions:</b>&nbsp;Persona de contacte de l’expedient a la DG Patrimoni:&nbsp;&nbsp;@{items('For_each')?['Contacte']?['DisplayName']}&nbsp;(@{items('For_each')?['Contacte']?['Email']})<br>@{items('For_each')?['Observacions0']}</span></p></td></tr></tbody></table><br>"}},"Condició_2":{"actions":{"Defineix_la_variable_2":{"type":"SetVariable","inputs":{"name":"titol","value":"Nou expedient"}}},"else":{"actions":{"Defineix_la_variable_3":{"type":"SetVariable","inputs":{"name":"titol","value":"Expedient en tramitació"}}}},"expression":{"or":[{"greater":["@items('For_each')?['Created']","@variables('ultimaExecucio')"]}]},"type":"If"}}},"expression":{"or":[{"equals":["@variables('arxius')"," "]}]},"metadata":{"operationMetadataId":"422ef882-177c-4786-976f-9fc8458ba29d"},"type":"If"},"Redacta_1":{"runAfter":{"Condició_1":["Succeeded"]},"metadata":{"operationMetadataId":"e4f08e3d-2d80-4907-9632-57438b94be4a"},"type":"Compose","inputs":"@variables('total')"},"List_rows_present_in_a_table_copy":{"runAfter":{"Redacta_1":["Succeeded"]},"metadata":{"01FOCZ6PJDCV44GVDFVVBYYAFG7HTVYVX2":"/General/SIGOV_correus.xlsx","tableId":"{C23126F2-D4FF-41EB-9B83-966DCBD94A81}","operationMetadataId":"91b2f18a-8b8f-4472-a687-c9eeb2bc218f","01FOCZ6PPVQ2SBVW3XIBHLQOTM5E4GUBR3":"/SIGOV_correus.xlsx","01FOCZ6PN5DOHTWA2OCZE3BMMRYZS5WOCO":"/SIGOV_correus.xlsx"},"type":"OpenApiConnection","inputs":{"parameters":{"source":"groups/a735fd65-845b-40db-abf4-1634341045d5","drive":"b!U4QHnYBlAkyjp8uv0NsrvCvtgnG1ePBJv-cvQL61xIlxyAxeX1vnS5m0_BVflpyh","file":"01FOCZ6PN5DOHTWA2OCZE3BMMRYZS5WOCO","table":"{C23126F2-D4FF-41EB-9B83-966DCBD94A81}"},"host":{"apiId":"/providers/Microsoft.PowerApps/apis/shared_excelonlinebusiness","connectionName":"shared_excelonlinebusiness","operationId":"GetItems"},"authentication":{"value":"@json(decodeBase64(triggerOutputs().headers['X-MS-APIM-Tokens']))['$ConnectionKey']","type":"Raw"}}},"Condició":{"actions":{"Envia_un_correu_(V2)":{"type":"OpenApiConnection","inputs":{"parameters":{"emailMessage/To":"@triggerOutputs()?['headers']['x-ms-user-email']","emailMessage/Subject":"Correu SIGOV no enviat","emailMessage/Body":"<p>No s'ha enviat cap correu perquè no s'ha trobat cap actualització d'arxius de SIGOV ni nous expedients des de l'últim enviament.</p>","emailMessage/From":"Cataleg-Registre-Ens@gencat.cat","emailMessage/Importance":"Normal"},"host":{"apiId":"/providers/Microsoft.PowerApps/apis/shared_office365","connectionName":"shared_office365","operationId":"SendEmailV2"},"authentication":{"value":"@json(decodeBase64(triggerOutputs().headers['X-MS-APIM-Tokens']))['$ConnectionKey']","type":"Raw"}}}},"runAfter":{"List_rows_present_in_a_table_copy":["Succeeded"]},"else":{"actions":{"Aplica-ho_a_cadascun":{"foreach":"@outputs('List_rows_present_in_a_table_copy')?['body/value']","actions":{"Envia_un_correu_(V2)_copy_copy":{"metadata":{"operationMetadataId":"b50fca15-b2b3-42f6-b98f-dc2f96566701"},"type":"OpenApiConnection","inputs":{"parameters":{"emailMessage/To":"@items('Aplica-ho_a_cadascun')?['correu']","emailMessage/Subject":"Nova documentació de SIGOV: @{items('For_each')?['{Name}']}","emailMessage/Body":"<p>Benvolgut/da,</p><p>Us fem avinent que s’ha incorporat una nova iniciativa a SIGOV:</p>@{outputs('Redacta_1')}<table></table>","emailMessage/From":"ag.entitats.eco@gencat.cat","emailMessage/Importance":"Normal"},"host":{"apiId":"/providers/Microsoft.PowerApps/apis/shared_office365","connectionName":"shared_office365","operationId":"SendEmailV2"},"authentication":{"value":"@json(decodeBase64(triggerOutputs().headers['X-MS-APIM-Tokens']))['$ConnectionKey']","type":"Raw"}}}},"metadata":{"operationMetadataId":"dfb0ec71-1a89-4459-a650-c7613007685b"},"type":"Foreach"}}},"expression":{"or":[{"not":{"contains":["@outputs('Redacta_1')","SIGOV"]}}]},"metadata":{"operationMetadataId":"1f40d265-62ab-483b-b000-33b8ee7d6b24"},"type":"If"},"Defineix_la_variable":{"runAfter":{"Condició":["Succeeded"]},"type":"SetVariable","inputs":{"name":"total","value":" "}}},"runAfter":{"Obté_els_fitxers_(només_propietats)_1":["Succeeded"]},"metadata":{"operationMetadataId":"5bc85eee-6c90-4c97-a50b-a097eeaaa67b"},"type":"Foreach"},"Inicialitza_la_variable_1":{"runAfter":{"Inicialitza_la_variable":["Succeeded"]},"metadata":{"operationMetadataId":"78170958-d222-4751-a4fa-3ccf53614777"},"type":"InitializeVariable","inputs":{"variables":[{"name":"carpeta","type":"string"}]}},"Inicialitza_la_variable_3":{"runAfter":{"Inicialitza_la_variable_2":["Succeeded"]},"metadata":{"operationMetadataId":"9519e411-d228-4dce-b20f-4ad373d329c4"},"type":"InitializeVariable","inputs":{"variables":[{"name":"total","type":"string"}]}},"Inicialitza_la_variable_2":{"runAfter":{"Inicialitza_la_variable_1":["Succeeded"]},"metadata":{"operationMetadataId":"9cb487d1-9b8d-4053-8c70-c928dd77c9d9"},"type":"InitializeVariable","inputs":{"variables":[{"name":"arxius","type":"string"}]}},"Inicialitza_la_variable_4":{"runAfter":{"Inicialitza_la_variable_3":["Succeeded"]},"type":"InitializeVariable","inputs":{"variables":[{"name":"titol","type":"string"}]}},"Update_a_row":{"runAfter":{"For_each":["Succeeded"]},"metadata":{"01FOCZ6PJDCV44GVDFVVBYYAFG7HTVYVX2":"/General/SIGOV_correus.xlsx","tableId":"{9C94CAD3-8B3A-4B6B-AB39-1251DFA605AE}","operationMetadataId":"e1abd950-8854-4549-b227-00abb831ab31","01FOCZ6PPVQ2SBVW3XIBHLQOTM5E4GUBR3":"/SIGOV_correus.xlsx","01FOCZ6PN5DOHTWA2OCZE3BMMRYZS5WOCO":"/SIGOV_correus.xlsx"},"type":"OpenApiConnection","inputs":{"parameters":{"source":"groups/a735fd65-845b-40db-abf4-1634341045d5","drive":"b!U4QHnYBlAkyjp8uv0NsrvCvtgnG1ePBJv-cvQL61xIlxyAxeX1vnS5m0_BVflpyh","file":"01FOCZ6PN5DOHTWA2OCZE3BMMRYZS5WOCO","table":"{9C94CAD3-8B3A-4B6B-AB39-1251DFA605AE}","idColumn":"ID","id":"1","item/ID":"1","item/Data":"@{utcNow()}"},"host":{"apiId":"/providers/Microsoft.PowerApps/apis/shared_excelonlinebusiness","connectionName":"shared_excelonlinebusiness","operationId":"PatchItem"},"authentication":{"value":"@json(decodeBase64(triggerOutputs().headers['X-MS-APIM-Tokens']))['$ConnectionKey']","type":"Raw"}}}},"description":""},"connectionReferences":{"shared_excelonlinebusiness":{"connectionName":"shared-excelonlinebu-0f08cc9d-b15f-40f5-b0ac-1fe6d6e28efa","source":"Invoker","id":"/providers/Microsoft.PowerApps/apis/shared_excelonlinebusiness","tier":"NotSpecified"},"shared_sharepointonline":{"connectionName":"2bc03a49b0874692b99a41c6b78b5388","source":"Invoker","id":"/providers/Microsoft.PowerApps/apis/shared_sharepointonline","tier":"NotSpecified"},"shared_sharepointonline-1":{"connectionName":"shared-sharepointonl-bc46f5f1-3779-4c9e-b6b7-384f98f721bf","source":"Invoker","id":"/providers/Microsoft.PowerApps/apis/shared_sharepointonline","tier":"NotSpecified"},"shared_office365":{"connectionName":"shared-office365-85e1fd88-42f6-41ab-9bf4-cc0a9a5a972d","source":"Invoker","id":"/providers/Microsoft.PowerApps/apis/shared_office365","tier":"NotSpecified"}},"flowFailureAlertSubscribed":false,"isManaged":false}}